company,name,address,city,latitude,longitude,phone,services,station_id,gps_coordinates,image_url,source_url,combined_at
Azpetrol,Spartak,"BakńĪ Ňü…ôh…ôri, N…ôsimi rayonu, Moskva prospekti, ev 1013-c√ľ m…ôh…ôll…ô, AZ 1102",BakńĪ,40.38916,49.82626,(012) 436-95-37,Avtomarket; Avtot…ômir; Avtoyańülama; Avtoyuma; Azpetrol kartlarńĪna xidm…ôt; Bank kartlarńĪna xidm…ôt; Bankomat; Elektromobill…ôrin doldurma xidm…ôti; Kafe; YDM; √Ėd…ôm…ô terminallarńĪ,277,,https://qnela1.azpetrol.com/uploads/image_b5a62a48cb.jpg,https://www.azpetrol.com/service-network,2025-12-17T14:50:24.060447
Azpetrol,∆Źl…ôt,"BakńĪ Ňü…ôh…ôri, Qaradańü rayonu, Salyan Ňüossesi 66-cńĪ km, AZ 1023",BakńĪ,40.01013,49.42674,(050) 218-57-79,Avtomarket; Azpetrol kartlarńĪna xidm…ôt; Bank kartlarńĪna xidm…ôt; Bankomat; Elektromobill…ôrin doldurma xidm…ôti; Kafe; YDM; √Ėd…ôm…ô terminallarńĪ,280,,https://qnela1.azpetrol.com/uploads/image_490683abf7.jpg,https://www.azpetrol.com/service-network,2025-12-17T14:50:24.060447
Azpetrol,C…ôlilabad,"C…ôlilabad rayonu, Alar k…ôndi, AZ 1512",C…ôlilabad,39.3709,48.5376,(050) 221-19-47,Avtoyuma; Azpetrol kartlarńĪna xidm…ôt; Bank kartlarńĪna xidm…ôt; Kafe; YDM,283,,https://qnela1.azpetrol.com/uploads/image_ecdac88892.jpg,https://www.azpetrol.com/service-network,2025-12-17T14:50:24.060447
Azpetrol,Karl Marks pr.,"BakńĪ Ňü…ôh…ôri, Bin…ôq…ôdi rayonu, Ziya B√ľnyadov prospekti, ev 3023-c√ľ m…ôh…ôll…ô, AZ 1069",BakńĪ,40.41113,49.83437,(012) 561-22-59,Avtomarket; Avtot…ômir; Avtoyańülama; Azpetrol kartlarńĪna xidm…ôt; Bank kartlarńĪna xidm…ôt; Bankomat; Elektromobill…ôrin doldurma xidm…ôti; Kafe; YDM; √Ėd…ôm…ô terminallarńĪ,286,,https://qnela1.azpetrol.com/uploads/image_3e2186521a.jpg,https://www.azpetrol.com/service-network,2025-12-17T14:50:24.060447
Azpetrol,SumqayńĪt-1,"SumqayńĪt Ňü…ôh…ôri, BakńĪ-Quba yolu 30-cu kilometr, AZ 5000",SumqayńĪt,40.56755,49.63195,(051) 970-34-20,Avtomarket; Azpetrol kartlarńĪna xidm…ôt; Bank kartlarńĪna xidm…ôt; Bankomat; Elektromobill…ôrin doldurma xidm…ôti; Kafe; YDM; √Ėd…ôm…ô terminallarńĪ,289,,https://qnela1.azpetrol.com/uploads/image_dd3c6d2cbc.jpg,https://www.azpetrol.com/service-network,2025-12-17T14:50:24.060447
Azpetrol,Q…ôl…ôb…ô,"BakńĪ Ňü…ôh…ôri, Yasamal rayonu, H…ôs…ônb…ôy Z…ôrdabi 593, AZ 1141",BakńĪ,40.38905,49.80791,(012) 434-63-11,Avtoyuma; Azpetrol kartlarńĪna xidm…ôt; Bank kartlarńĪna xidm…ôt; Bankomat; Elektromobill…ôrin doldurma xidm…ôti; Kafe; YDM; √Ėd…ôm…ô terminallarńĪ,292,,https://qnela1.azpetrol.com/uploads/image_9be7df51d4.jpg,https://www.azpetrol.com/service-network,2025-12-17T14:50:24.060447
Azpetrol,G…ônclik,"BakńĪ Ňü…ôh., N…ôrimanov rayonu, Vaqif k√ľ√ß…ôsi 881-884",BakńĪ,40.39938,49.84848,(012) 441-01-98/90,Avtomarket; Avtot…ômir; Avtoyańülama; Avtoyuma; Azpetrol kartlarńĪna xidm…ôt; Bank kartlarńĪna xidm…ôt; Bankomat; Elektromobill…ôrin doldurma xidm…ôti; Kafe; YDM; √Ėd…ôm…ô terminallarńĪ,295,,https://qnela1.azpetrol.com/uploads/image_b877a8543c.jpg,https://www.azpetrol.com/service-network,2025-12-17T14:50:24.060447
Azpetrol,SumqayńĪt-2,"SumqayńĪt Ňü…ôh…ôri, 5-ci mikrorayon",SumqayńĪt,40.57924,49.68399,(050) 780-05-26,Avtomarket; Avtoyańülama; Avtoyuma; Azpetrol kartlarńĪna xidm…ôt; Bank kartlarńĪna xidm…ôt; Kafe; YDM; √Ėd…ôm…ô terminallarńĪ,298,,https://qnela1.azpetrol.com/uploads/image_8d553f142a.jpg,https://www.azpetrol.com/service-network,2025-12-17T14:50:24.060447
Azpetrol,K√ľrd…ômir,"K√ľrd…ômir rayonu, K√ľrd…ômir Ňü…ôh…ôri, BakńĪ prospekti, AZ 3300",K√ľrd…ômir,40.33595,48.15299,(020) 255-51-32,Avtoyuma; Azpetrol kartlarńĪna xidm…ôt; Bank kartlarńĪna xidm…ôt; Kafe; YDM,301,,https://qnela1.azpetrol.com/uploads/image_a1bddf8770.jpg,https://www.azpetrol.com/service-network,2025-12-17T14:50:24.060447
Azpetrol,G√∂y√ßay,"G√∂y√ßay rayonu, G√∂y√ßay Ňü…ôh…ôri, Nat…ôvan k√ľ√ß…ôsi, AZ 2300",G√∂y√ßay,40.63625,47.75073,(020) 274-89-77,Avtoyuma; Azpetrol kartlarńĪna xidm…ôt; Bank kartlarńĪna xidm…ôt; Kafe; YDM; √Ėd…ôm…ô terminallarńĪ,304,,https://qnela1.azpetrol.com/uploads/image_0389c05b56.jpg,https://www.azpetrol.com/service-network,2025-12-17T14:50:24.060447
Azpetrol,Yevlax,"Yevlax rayonu, Yevlax Ňü…ôh…ôri, Heyd…ôr ∆Źliyev prospekti 98, AZ 6600",Yevlax,40.59893,47.14556,(022) 336-30-39,Avtoyuma; Azpetrol kartlarńĪna xidm…ôt; Bank kartlarńĪna xidm…ôt; Kafe; YDM; √Ėd…ôm…ô terminallarńĪ,307,,https://qnela1.azpetrol.com/uploads/image_be5cbf3513.jpg,https://www.azpetrol.com/service-network,2025-12-17T14:50:24.060447
Azpetrol,Ucar,"Ucar rayonu, Ucar Ňü…ôh…ôri BakńĪ-G√ľrc√ľstan yolu, AZ 6100",Ucar,40.49465,47.66069,(020) 212-50-84,Avtoyuma; Azpetrol kartlarńĪna xidm…ôt; Bank kartlarńĪna xidm…ôt; Bankomat; Kafe; YDM,310,,https://qnela1.azpetrol.com/uploads/image_18be28e548.jpg,https://www.azpetrol.com/service-network,2025-12-17T14:50:24.060447
Azpetrol,Ramal,"BakńĪ Ňü…ôh…ôri, S…ôbail rayonu, Salyan Ňüossesi, AZ 1003",BakńĪ,40.33748,49.82809,(012) 497-46-73,Avtomarket; Avtoyańülama; Avtoyuma; Azpetrol kartlarńĪna xidm…ôt; Bank kartlarńĪna xidm…ôt; Bankomat; Kafe; YDM; √Ėd…ôm…ô terminallarńĪ,313,,https://qnela1.azpetrol.com/uploads/image_b05dc483ab.jpg,https://www.azpetrol.com/service-network,2025-12-17T14:50:24.060447
Azpetrol,ŇěamaxńĪ,"ŇěamaxńĪ rayonu, ŇěamaxńĪ Ňü…ôh…ôri, m…ôh…ôll…ô 44, BakńĪ-Qazax Ňüossesi, AZ 5600",ŇěamaxńĪ,40.63234,48.62951,(020) 265-15-09,Avtoyuma; Azpetrol kartlarńĪna xidm…ôt; Bank kartlarńĪna xidm…ôt; Kafe; YDM; √Ėd…ôm…ô terminallarńĪ,316,,https://qnela1.azpetrol.com/uploads/image_871981f8ce.jpg,https://www.azpetrol.com/service-network,2025-12-17T14:50:24.060447
Azpetrol,Tovuz,"Tovuz rayonu, D√ľz CńĪrdaxan k…ôndi, AZ 6018",Tovuz,41.0131,45.61496,(050) 255-06-86,Avtoyuma; Azpetrol kartlarńĪna xidm…ôt; Bank kartlarńĪna xidm…ôt; Kafe; YDM; √Ėd…ôm…ô terminallarńĪ,319,,https://qnela1.azpetrol.com/uploads/image_cd4f5a2d71.jpg,https://www.azpetrol.com/service-network,2025-12-17T14:50:24.060447
Azpetrol,Qazax,"Qazax rayonu, Qazax Ňü…ôh…ôri, BakńĪ-Qazax Ňüossesinin sańü k…ônarńĪ, AZ 3500",Qazax,41.10901,45.3434,(+99422) 296-52-11; (+99422) 296-52-06 (motel),Avtoyuma; Azpetrol kartlarńĪna xidm…ôt; Bank kartlarńĪna xidm…ôt; Kafe; Motel; Tir-Park; YDM; √Ėd…ôm…ô terminallarńĪ,322,,https://qnela1.azpetrol.com/uploads/image_e149b62c30.jpg,https://www.azpetrol.com/service-network,2025-12-17T14:50:24.060447
Azpetrol,Xa√ßmaz,"Xa√ßmaz rayonu, Xa√ßmaz Ňü…ôh…ôri, BakńĪ prospekti, AZ 2700",Xa√ßmaz,41.44953,48.79286,(023) 325-56-86,Avtoyuma; Azpetrol kartlarńĪna xidm…ôt; Bank kartlarńĪna xidm…ôt; Kafe; YDM,325,,https://qnela1.azpetrol.com/uploads/image_e3963a3242.jpg,https://www.azpetrol.com/service-network,2025-12-17T14:50:24.060447
Azpetrol,Quba,"Quba rayonu, Quba Ňü…ôh…ôri, Heyd…ôr ∆Źliyev prospekti, AZ 4001",Quba,41.36367,48.54838,(023) 336-00-33,Avtoyuma; Azpetrol kartlarńĪna xidm…ôt; Bank kartlarńĪna xidm…ôt; Elektromobill…ôrin doldurma xidm…ôti; Kafe; YDM; √Ėd…ôm…ô terminallarńĪ,328,,https://qnela1.azpetrol.com/uploads/image_54bc452090.jpg,https://www.azpetrol.com/service-network,2025-12-17T14:50:24.060447
Azpetrol,Zaqatala,"Zaqatala rayonu, Zaqatala Ňü…ôh…ôri, Fikr…ôt ∆Źmirov k√ľ√ß…ôsi, AZ 6200",Zaqatala,41.6313,46.62086,(024) 224-00-30,Avtoyuma; Azpetrol kartlarńĪna xidm…ôt; Bank kartlarńĪna xidm…ôt; Kafe; YDM,331,,https://qnela1.azpetrol.com/uploads/image_f109a08d73.jpg,https://www.azpetrol.com/service-network,2025-12-17T14:50:24.060447
Azpetrol,Ňě…ôki,"Ňě…ôki rayonu, G√∂ybulaq, Ňě…ôki-Yevlax Ňüossesi, AZ 5507",Ňě…ôki,41.06429,47.14229,(024) 243-82-25,Avtoyuma; Azpetrol kartlarńĪna xidm…ôt; Bank kartlarńĪna xidm…ôt; Kafe; Motel; YDM; √Ėd…ôm…ô terminallarńĪ,334,,https://qnela1.azpetrol.com/uploads/image_b2049d303d.jpg,https://www.azpetrol.com/service-network,2025-12-17T14:50:24.060447
Azpetrol,∆Źhm…ôdli,"BakńĪ Ňü…ôh…ôri, X…ôtai rayonu, Bab…ôk prospekti v…ô M…ôh…ômm…ôd Hadi k√ľ√ß…ôl…ôrinin k…ôsiŇüm…ôsi 2316-cńĪ m…ôh…ôll…ô, AZ 1142",BakńĪ,40.39463,49.95432,(012) 376-41-31,Azpetrol kartlarńĪna xidm…ôt; Bank kartlarńĪna xidm…ôt; Bankomat; Kafe; YDM,337,,https://qnela1.azpetrol.com/uploads/image_821c5b81be.jpg,https://www.azpetrol.com/service-network,2025-12-17T14:50:24.060447
Azpetrol,Ňěirvan,"Ňěirvan Ňü…ôh…ôri, Heyd…ôr ∆Źliyev prospekti, AZ 1801",Ňěirvan,39.95408,48.93597,(021) 215-04-24,Avtoyuma; Azpetrol kartlarńĪna xidm…ôt; Bank kartlarńĪna xidm…ôt; Kafe; YDM; √Ėd…ôm…ô terminallarńĪ,340,,https://qnela1.azpetrol.com/uploads/image_a9082adb68.jpg,https://www.azpetrol.com/service-network,2025-12-17T14:50:24.060447
Azpetrol,ńįmiŇüli,"ńįmiŇüli rayonu, Qaradonlu k…ôndi, AZ 3022",ńįmiŇüli,39.79006,48.06724,(021) 243-86-58,Avtoyuma; Azpetrol kartlarńĪna xidm…ôt; Bank kartlarńĪna xidm…ôt; Bankomat; Elektromobill…ôrin doldurma xidm…ôti; Kafe; YDM,343,,https://qnela1.azpetrol.com/uploads/image_33f3ee8d60.jpg,https://www.azpetrol.com/service-network,2025-12-17T14:50:24.060447
Azpetrol,Ming…ô√ßevir,"Yevlax rayonu, Ming…ô√ßevir Ňü…ôh…ôri, G…ônc…ô Ňüossesi 7, AZ 4500",Yevlax,40.77045,47.03261,(024) 278-26-00,Avtoyuma; Azpetrol kartlarńĪna xidm…ôt; Bank kartlarńĪna xidm…ôt; Elektromobill…ôrin doldurma xidm…ôti; Kafe; Motel; YDM,346,,https://qnela1.azpetrol.com/uploads/image_5cb7bd32b8.jpg,https://www.azpetrol.com/service-network,2025-12-17T14:50:24.060447
Azpetrol,L…ônk…ôran,"L…ônk…ôran rayonu, L…ônk…ôran Ňü…ôh…ôri, Digah, AZ 4243",L…ônk…ôran,38.77317,48.82861,(025) 253-27-42,Avtoyuma; Azpetrol kartlarńĪna xidm…ôt; Bank kartlarńĪna xidm…ôt; Kafe; YDM,349,,https://qnela1.azpetrol.com/uploads/image_3623067502.jpg,https://www.azpetrol.com/service-network,2025-12-17T14:50:24.060447
Azpetrol,Bakixanov,"BakńĪ Ňü…ôh…ôri, Nizami rayonu, R√ľst…ôm R√ľst…ômov k√ľ√ß…ôsi ev 2524-c√ľ m…ôh…ôll…ô, AZ 1118",BakńĪ,40.41376,49.95193,(012) 520-69-27,Avtomarket; Avtoyuma; Azpetrol kartlarńĪna xidm…ôt; Bank kartlarńĪna xidm…ôt; Elektromobill…ôrin doldurma xidm…ôti; Kafe; YDM; √Ėd…ôm…ô terminallarńĪ,352,,https://qnela1.azpetrol.com/uploads/image_df5e3742f8.jpg,https://www.azpetrol.com/service-network,2025-12-17T14:50:24.060447
Azpetrol,Balak…ôn,"Balak…ôn rayonu, Balak…ôn Ňü…ôh…ôri, Heyd…ôr ∆Źliyev prospekti, AZ 0800",Balak…ôn,41.70304,46.4282,(024) 295-53-13,Avtoyuma; Azpetrol kartlarńĪna xidm…ôt; Bank kartlarńĪna xidm…ôt; Bankomat; Kafe; Motel; YDM,355,,https://qnela1.azpetrol.com/uploads/image_1af1670c7f.jpg,https://www.azpetrol.com/service-network,2025-12-17T14:50:24.060447
Azpetrol,Qusar-SDK,"Qusar rayonu, Samur ŇěTQ, AZ 3831",Qusar,41.44162,48.46449,(023) 389-03-01,Avtoyuma; Azpetrol kartlarńĪna xidm…ôt; Bank kartlarńĪna xidm…ôt; Bankomat; Elektromobill…ôrin doldurma xidm…ôti; Kafe; Motel; YDM; √Ėd…ôm…ô terminallarńĪ,358,,https://qnela1.azpetrol.com/uploads/image_9db29a7c37.jpg,https://www.azpetrol.com/service-network,2025-12-17T14:50:24.060447
Azpetrol,Astara,"Astara rayonu, Astara Ňü…ôh…ôri, Heyd…ôr ∆Źliyev prospekti 24, AZ 0701",Astara,38.47304,48.86873,(025) 225-41-99,Avtoyuma; Azpetrol kartlarńĪna xidm…ôt; Bank kartlarńĪna xidm…ôt; Kafe; YDM; √Ėd…ôm…ô terminallarńĪ,361,,https://qnela1.azpetrol.com/uploads/image_5ecb7a32d6.jpg,https://www.azpetrol.com/service-network,2025-12-17T14:50:24.060447
Azpetrol,B…ôrd…ô,"B…ôrd…ô rayonu, B…ôrd…ô Ňü…ôh…ôri, BakńĪ k√ľ√ß…ôsi, AZ 0900",B…ôrd…ô,40.37563,47.13492,(020) 205-85-91,Avtoyuma; Azpetrol kartlarńĪna xidm…ôt; Bank kartlarńĪna xidm…ôt; Bankomat; Kafe; YDM; √Ėd…ôm…ô terminallarńĪ,364,,https://qnela1.azpetrol.com/uploads/image_16e8b028a0.jpg,https://www.azpetrol.com/service-network,2025-12-17T14:50:24.060447
Azpetrol,G…ônc…ô,"G…ônc…ô Ňü…ôh…ôri, N…ôriman N…ôrimanov prospekti, BakńĪ-G…ônc…ô Ňüossesi, AZ 2002",G…ônc…ô,40.68478,46.40501,(022) 268-37-00,Azpetrol kartlarńĪna xidm…ôt; Bank kartlarńĪna xidm…ôt; Elektromobill…ôrin doldurma xidm…ôti; Kafe; YDM,367,,https://qnela1.azpetrol.com/uploads/image_d4d2f2bf71.jpg,https://www.azpetrol.com/service-network,2025-12-17T14:50:24.060447
Azpetrol,D…ôrn…ôg√ľl,"BakńĪ Ňü…ôh…ôri, N…ôrimanov rayonu, Ziya B√ľnyadov prospekti, AZ 1069",BakńĪ,40.41788,49.86362,(012) 564-65-89,Azpetrol kartlarńĪna xidm…ôt; Bank kartlarńĪna xidm…ôt; Kafe; YDM,370,,https://qnela1.azpetrol.com/uploads/image_096a3fca5b.jpg,https://www.azpetrol.com/service-network,2025-12-17T14:50:24.060447
Azpetrol,Bab…ôk,"BakńĪ Ňü…ôh…ôri, Nizami rayonu, Bab…ôk prospekti, ev 2276-77, AZ 1142",BakńĪ,40.39118,49.90804,(012) 480-50-18,Azpetrol kartlarńĪna xidm…ôt; Bank kartlarńĪna xidm…ôt; Bankomat; CNG qaz (Metan); Elektromobill…ôrin doldurma xidm…ôti; Kafe; YDM; √Ėd…ôm…ô terminallarńĪ,373,,https://qnela1.azpetrol.com/uploads/image_0ca717fe39.jpg,https://www.azpetrol.com/service-network,2025-12-17T14:50:24.060447
Azpetrol,MaŇütańüa,"BakńĪ Ňü…ôh…ôri, Sabun√ßu rayonu, MaŇütańüa ŇěTQ, MaŇütańüa q…ôs…ôb…ôsi AZ 1039",BakńĪ,40.50517,49.97392,(050) 243-61-52,Avtoyuma; Azpetrol kartlarńĪna xidm…ôt; Bank kartlarńĪna xidm…ôt; Kafe; YDM,376,,https://qnela1.azpetrol.com/uploads/image_4466016331.jpg,https://www.azpetrol.com/service-network,2025-12-17T14:50:24.060447
Azpetrol,Ňěabran,"BakńĪ Ňü…ôh…ôri, Bin…ôq…ôdi rayonu, Bin…ôq…ôdi Ňüossesinin Ňü…ôrq hiss…ôsi, AZ 1117",BakńĪ,40.44808,49.84401,(012) 412-74-65,Azpetrol kartlarńĪna xidm…ôt; Bank kartlarńĪna xidm…ôt; Bankomat; Elektromobill…ôrin doldurma xidm…ôti; Kafe; YDM,379,,https://qnela1.azpetrol.com/uploads/image_fb22adfad0.jpg,https://www.azpetrol.com/service-network,2025-12-17T14:50:24.060447
Azpetrol,Nobel,"BakńĪ Ňü…ôh…ôri, X…ôtai rayonu, 8 Noyabr prospekti 1240-cńĪ m…ôh…ôll…ô, AZ 1026",BakńĪ,40.37887,49.88272,(012) 555-63-02,Avtoyuma; Azpetrol kartlarńĪna xidm…ôt; Bank kartlarńĪna xidm…ôt; Bankomat; Elektromobill…ôrin doldurma xidm…ôti; Kafe; YDM; √Ėd…ôm…ô terminallarńĪ,382,,https://qnela1.azpetrol.com/uploads/image_0570aa283f.jpg,https://www.azpetrol.com/service-network,2025-12-17T14:50:24.060447
Azpetrol,Salyan,"Salyan rayonu, BakńĪ-Astara yolu 134 km, AZ 5200",Salyan,39.57896,48.96917,(021) 255-36-61,Avtoyuma; Azpetrol kartlarńĪna xidm…ôt; Bank kartlarńĪna xidm…ôt; Bankomat; Kafe; YDM; √Ėd…ôm…ô terminallarńĪ,385,,https://qnela1.azpetrol.com/uploads/image_ed33547941.jpg,https://www.azpetrol.com/service-network,2025-12-17T14:50:24.060447
Azpetrol,Horadiz,"F√ľzuli rayonu, Horadiz Ňü…ôh…ôri, AZ 1924",F√ľzuli,39.45618,47.32512,(026) 315-53-52,Azpetrol kartlarńĪna xidm…ôt; Bank kartlarńĪna xidm…ôt; Kafe; YDM; √Ėd…ôm…ô terminallarńĪ,388,,https://qnela1.azpetrol.com/uploads/image_9f56361a4c.jpg,https://www.azpetrol.com/service-network,2025-12-17T14:50:24.060447
Azpetrol,Ňěabran,"Ňěabran rayonu, Ňěabran Ňü…ôh…ôri, AZ 1700",Ňěabran,41.19054,48.9955,(023) 358-28-64,Azpetrol kartlarńĪna xidm…ôt; Bank kartlarńĪna xidm…ôt; Elektromobill…ôrin doldurma xidm…ôti; Kafe; YDM,391,,https://qnela1.azpetrol.com/uploads/image_980fb21c4b.jpg,https://www.azpetrol.com/service-network,2025-12-17T14:50:24.060447
Azpetrol,Ozon,"BakńĪ Ňü…ôh…ôri, Yasamal rayonu, Ňě…ôrifzad…ô k√ľ√ß…ôsi, AZ 1012",BakńĪ,40.40041,49.80119,(012) 433-68-80,Azpetrol kartlarńĪna xidm…ôt; Bank kartlarńĪna xidm…ôt; Elektromobill…ôrin doldurma xidm…ôti; Kafe; YDM,394,,https://qnela1.azpetrol.com/uploads/image_c2ed22ca76.jpg,https://www.azpetrol.com/service-network,2025-12-17T14:50:24.060447
Azpetrol,G√ľn…ôŇüli,"BakńĪ Ňü…ôh…ôri, SuraxanńĪ rayonu, Yeni G√ľn…ôŇüli q…ôs…ôb…ôsi, A-B YaŇüayńĪŇü sah…ôsi, AZ 1133",BakńĪ,40.38678,49.97596,(012) 477-14-59,Azpetrol kartlarńĪna xidm…ôt; Bank kartlarńĪna xidm…ôt; Kafe; YDM,397,,https://qnela1.azpetrol.com/uploads/image_0b75d7b9d8.jpg,https://www.azpetrol.com/service-network,2025-12-17T14:50:24.060447
Azpetrol,Goranboy,"Goranboy rayonu, Borsunlu k…ôndi, AZ 2200",Goranboy,40.64433,46.67552,(022) 243-61-60,Avtoyuma; Azpetrol kartlarńĪna xidm…ôt; Bank kartlarńĪna xidm…ôt; Bankomat; Kafe; YDM,400,,https://qnela1.azpetrol.com/uploads/image_d6d8ad5f7a.jpg,https://www.azpetrol.com/service-network,2025-12-17T14:50:24.060447
Azpetrol,Qax,"Qax rayonu, Qax Ňü…ôh…ôri, Heyd…ôr ∆Źliyev prospekti, AZ 3400",Qax,41.41649,46.90355,(024) 255-59-26,Avtoyuma; Azpetrol kartlarńĪna xidm…ôt; Bank kartlarńĪna xidm…ôt; Bankomat; Kafe; YDM; √Ėd…ôm…ô terminallarńĪ,403,,https://qnela1.azpetrol.com/uploads/image_3d8046f272.jpg,https://www.azpetrol.com/service-network,2025-12-17T14:50:24.060447
Azpetrol,Ońüuz,"Ońüuz rayonu, Calud, AZ 4815",Ońüuz,41.05237,47.42279,(024) 215-31-84,Avtoyuma; Azpetrol kartlarńĪna xidm…ôt; Bank kartlarńĪna xidm…ôt; Bankomat; Kafe; YDM; √Ėd…ôm…ô terminallarńĪ,406,,https://qnela1.azpetrol.com/uploads/image_66d217de02.jpg,https://www.azpetrol.com/service-network,2025-12-17T14:50:24.060447
Azpetrol,Q…ôb…ôl…ô,"Q…ôb…ôl…ô rayonu, Q…ôb…ôl…ô Ňü…ôh…ôri, Heyd…ôr ∆Źliyev prospekti, AZ 3600",Q…ôb…ôl…ô,40.96511,47.83536,(024) 204-05-12,Avtoyuma; Azpetrol kartlarńĪna xidm…ôt; Bank kartlarńĪna xidm…ôt; Bankomat; Elektromobill…ôrin doldurma xidm…ôti; Kafe; YDM,409,,https://qnela1.azpetrol.com/uploads/image_db2bac96b2.jpg,https://www.azpetrol.com/service-network,2025-12-17T14:50:24.060447
Azpetrol,Ňě…ômkir-D…ôll…ôr,"Ňě…ômkir rayonu, BakńĪ-Qazax Ňüossesinin sol k…ônarńĪ, AZ 5700",Ňě…ômkir,40.85217,46.03472,(022) 303-01-43,Avtoyuma; Azpetrol kartlarńĪna xidm…ôt; Bank kartlarńĪna xidm…ôt; Kafe; YDM; √Ėd…ôm…ô terminallarńĪ,412,,https://qnela1.azpetrol.com/uploads/image_381f2c6bda.jpg,https://www.azpetrol.com/service-network,2025-12-17T14:50:24.060447
Azpetrol,Ňě…ômkir-Q,"Ňě…ômkir rayonu, Seyf…ôli ∆Ź/V, AZ 5700",Ňě…ômkir,40.73562,46.22226,(050) 225-08-56,Azpetrol kartlarńĪna xidm…ôt; Bank kartlarńĪna xidm…ôt; Kafe; YDM; √Ėd…ôm…ô terminallarńĪ,415,,https://qnela1.azpetrol.com/uploads/image_3afff983e5.jpg,https://www.azpetrol.com/service-network,2025-12-17T14:50:24.060447
Azpetrol,Mayak,"BakńĪ Ňü…ôh…ôri, Qaradańü rayonu, Qaradańü q…ôs…ôb…ôsi, Puta mayakńĪnńĪn Ňěimal Q…ôrb hiss…ôsi, AZ 1083",BakńĪ,40.2859,49.73311,(012) 447-51-29,Azpetrol kartlarńĪna xidm…ôt; Bank kartlarńĪna xidm…ôt; Bankomat; CNG qaz (Metan); Elektromobill…ôrin doldurma xidm…ôti; Kafe; YDM; √Ėd…ôm…ô terminallarńĪ,418,,https://qnela1.azpetrol.com/uploads/image_71bacff448.jpg,https://www.azpetrol.com/service-network,2025-12-17T14:50:24.060447
Azpetrol,Sabirabad,"Sabirabad rayonu, QalayańüńĪn k…ôndi, AZ 5423",Sabirabad,39.97764,48.45468,(021) 238-32-40,Avtoyuma; Azpetrol kartlarńĪna xidm…ôt; Bank kartlarńĪna xidm…ôt; Bankomat; Kafe; YDM,421,,https://qnela1.azpetrol.com/uploads/image_fd5e71e5d3.jpg,https://www.azpetrol.com/service-network,2025-12-17T14:50:24.060447
Azpetrol,Bab…ôk 2,"BakńĪ Ňü…ôh…ôri, Nizami rayonu, Bab…ôk prospekti, ev 2276-77, AZ 1142",BakńĪ,40.39114,49.90792,(012) 480-50-16,Azpetrol kartlarńĪna xidm…ôt; Bank kartlarńĪna xidm…ôt; QDM (Propan-Butan); YDM,424,,https://qnela1.azpetrol.com/uploads/image_ab475258df.jpg,https://www.azpetrol.com/service-network,2025-12-17T14:50:24.060447
Azpetrol,Nobel 2,"BakńĪ Ňü…ôh…ôri, X…ôtai rayonu, 8 Noyabr prospekti, 1240-cńĪ m…ôh…ôll…ô, AZ 1026",BakńĪ,40.37881,49.88226,(050) 850-95-63,Azpetrol kartlarńĪna xidm…ôt; Bank kartlarńĪna xidm…ôt; Maye qaz postu (LPG),427,,https://qnela1.azpetrol.com/uploads/image_f21a30d759.jpg,https://www.azpetrol.com/service-network,2025-12-17T14:50:24.060447
Azpetrol,Mayak 3,"BakńĪ Ňü…ôh…ôri, Qaradańü rayonu, Qaradańü q…ôs…ôb…ôsi, Puta mayakńĪnńĪn Ňěimal Q…ôrb hiss…ôsi, AZ 1083",BakńĪ,40.28598,49.73331,(050) 218-57-71,Azpetrol kartlarńĪna xidm…ôt; Bank kartlarńĪna xidm…ôt; QDM (Propan-Butan),430,,https://qnela1.azpetrol.com/uploads/image_237968825a.jpg,https://www.azpetrol.com/service-network,2025-12-17T14:50:24.060447
Azpetrol,G…ônc…ô-Nizami,"Goranboy rayonu, Nizami k…ôndi, AZ 2235",Goranboy,40.68925,46.48804,(050) 225-28-03,Azpetrol kartlarńĪna xidm…ôt; Bank kartlarńĪna xidm…ôt; Kafe; YDM,433,,https://qnela1.azpetrol.com/uploads/image_59df595c2c.jpg,https://www.azpetrol.com/service-network,2025-12-17T14:50:24.060447
Azpetrol,G…ônc…ô-B√ľllur,"G…ônc…ô Ňü…ôh…ôri, Ňě…ômkir yolunun sańü t…ôr…ôfi, AZ 2021",G…ônc…ô,40.69365,46.33177,(022) 264-37-00,Avtoyuma; Azpetrol kartlarńĪna xidm…ôt; Bank kartlarńĪna xidm…ôt; Kafe; YDM; √Ėd…ôm…ô terminallarńĪ,436,,https://qnela1.azpetrol.com/uploads/image_5fe7159ce2.jpg,https://www.azpetrol.com/service-network,2025-12-17T14:50:24.060447
Azpetrol,MasallńĪ,"MasallńĪ rayonu, MasallńĪ Ňü…ôh…ôri, BakńĪ-Astara Ňüossesi, AZ 4400",MasallńĪ,39.03461,48.68508,(025) 215-16-78,Avtoyuma; Azpetrol kartlarńĪna xidm…ôt; Bank kartlarńĪna xidm…ôt; Bankomat; Kafe; YDM,439,,https://qnela1.azpetrol.com/uploads/image_bca3fb5143.jpg,https://www.azpetrol.com/service-network,2025-12-17T14:50:24.060447
Azpetrol,AńüdaŇü,"AńüdaŇü rayonu, M…ôŇü…ôdi k…ôndi, AZ 0300",AńüdaŇü,40.64128,47.49188,(020) 235-31-62,Azpetrol kartlarńĪna xidm…ôt; Bank kartlarńĪna xidm…ôt; Bankomat; Kafe; YDM,442,,https://qnela1.azpetrol.com/uploads/image_149b70614e.jpg,https://www.azpetrol.com/service-network,2025-12-17T14:50:24.060447
Azpetrol,T…ôz…ô Ňěilyan,"Ucar rayonu, M√ľs√ľsl√ľ k…ôndi, T…ôze Ňěilyan k…ôndi, AZ 6100",Ucar,40.42862,47.93738,(020) 213-40-14,Azpetrol kartlarńĪna xidm…ôt; Bank kartlarńĪna xidm…ôt; Kafe; YDM,445,,https://qnela1.azpetrol.com/uploads/image_a4af0fc2f1.jpg,https://www.azpetrol.com/service-network,2025-12-17T14:50:24.060447
Azpetrol,Muńüan,"HacńĪqabul rayonu, Muńüan q…ôs…ôb…ôsi, ∆Źl…ôt-Yevlax yolunun 59,5 km,AZ 2415",HacńĪqabul,40.080657610193214,48.851198542327865,(050) 235-43-91,Azpetrol kartlarńĪna xidm…ôt; Bank kartlarńĪna xidm…ôt; Kafe; YDM,448,,https://qnela1.azpetrol.com/uploads/image_9f45f4d552.jpg,https://www.azpetrol.com/service-network,2025-12-17T14:50:24.060447
Azpetrol,Padar,"HacńĪqabul rayonu, Padar q…ôs…ôb…ôsi, AZ 2421",HacńĪqabul,40.21558,48.52746,(050) 225-28-07,Azpetrol kartlarńĪna xidm…ôt; Bank kartlarńĪna xidm…ôt; Kafe; YDM; √Ėd…ôm…ô terminallarńĪ,451,,https://qnela1.azpetrol.com/uploads/image_d211eb1beb.jpg,https://www.azpetrol.com/service-network,2025-12-17T14:50:24.060447
Azpetrol,Goran,"Goranboy rayonu, M…ôŇü…ôdiqaralar k…ôndi, AZ 2215",Goranboy,40.63703,46.93817,(050) 225-28-25,Azpetrol kartlarńĪna xidm…ôt; Bank kartlarńĪna xidm…ôt; Kafe; YDM,454,,https://qnela1.azpetrol.com/uploads/image_dea2c51927.jpg,https://www.azpetrol.com/service-network,2025-12-17T14:50:24.060447
Azpetrol,Bil…ôsuvar,"Bil…ôsuvar rayonu, Bil…ôsuvar Ňü…ôh…ôri, BakńĪ-Astara yolunun 184-185-ci km, AZ 1300",Bil…ôsuvar,39.44136,48.55416,(025) 295-15-75,Azpetrol kartlarńĪna xidm…ôt; Bank kartlarńĪna xidm…ôt; Bankomat; Kafe; YDM; √Ėd…ôm…ô terminallarńĪ,457,,https://qnela1.azpetrol.com/uploads/image_92c4d016ae.jpg,https://www.azpetrol.com/service-network,2025-12-17T14:50:24.060447
Azpetrol,Neft√ßala,"Neft√ßala rayonu, Neft√ßala Ňü…ôh…ôri, Heyd…ôr ∆Źliyev prospekti, AZ 4700",Neft√ßala,39.39693,49.24587,(021) 263-45-50,Azpetrol kartlarńĪna xidm…ôt; Bank kartlarńĪna xidm…ôt; Kafe; YDM; √Ėd…ôm…ô terminallarńĪ,460,,https://qnela1.azpetrol.com/uploads/image_d8b0b043f4.jpg,https://www.azpetrol.com/service-network,2025-12-17T14:50:24.060447
Azpetrol,Siy…ôz…ôn,"Siy…ôz…ôn rayonu, BakńĪ-Quba yolu, AZ 5300",Siy…ôz…ôn,41.09428,49.09527,(050) 255-44-58,Avtoyuma; Azpetrol kartlarńĪna xidm…ôt; Bank kartlarńĪna xidm…ôt; Kafe; YDM; √Ėd…ôm…ô terminallarńĪ,463,,https://qnela1.azpetrol.com/uploads/image_aff2fab35e.jpg,https://www.azpetrol.com/service-network,2025-12-17T14:50:24.060447
Azpetrol,Xudat,"Xa√ßmaz rayonu, Xudat Ňü…ôh…ôri, 4-c√ľ Ňü√∂b…ô, AZ 2717",Xa√ßmaz,41.6066,48.69547,(050) 268-17-07,Azpetrol kartlarńĪna xidm…ôt; Bank kartlarńĪna xidm…ôt; Bankomat; Kafe; YDM; √Ėd…ôm…ô terminallarńĪ,466,,https://qnela1.azpetrol.com/uploads/image_cbaba338c0.jpg,https://www.azpetrol.com/service-network,2025-12-17T14:50:24.060447
Azpetrol,SaatlńĪ,"SaatlńĪ rayonu, SaatlńĪ Ňü…ôh…ôri, Heyd…ôr ∆Źliyev Prospekti, AZ 4900",SaatlńĪ,39.92138,48.35495,(021) 285-26-51,Avtoyuma; Azpetrol kartlarńĪna xidm…ôt; Bank kartlarńĪna xidm…ôt; Kafe; YDM; √Ėd…ôm…ô terminallarńĪ,469,,https://qnela1.azpetrol.com/uploads/image_6a22bb5fe5.jpg,https://www.azpetrol.com/service-network,2025-12-17T14:50:24.060447
Azpetrol,G√∂yŇüaban,"L…ônk…ôran rayonu, G√∂yŇüaban k…ôndi, AZ 4239",L…ônk…ôran,38.84853,48.81617,(025) 252-65-42,Avtoyuma; Azpetrol kartlarńĪna xidm…ôt; Bank kartlarńĪna xidm…ôt; Kafe; YDM,472,,https://qnela1.azpetrol.com/uploads/image_9ddadb7c0a.jpg,https://www.azpetrol.com/service-network,2025-12-17T14:50:24.060447
Azpetrol,Xaldan,"Yevlax rayonu, Xaldan k…ôndi, AZ6619",Yevlax,40.70528,47.22494,(050) 245-25-03,Avtoyuma; Azpetrol kartlarńĪna xidm…ôt; Bank kartlarńĪna xidm…ôt; Kafe; YDM,475,,https://qnela1.azpetrol.com/uploads/image_0caff57032.jpg,https://www.azpetrol.com/service-network,2025-12-17T14:50:24.060447
Azpetrol,Qusar,"Qusar rayonu, Qusar Ňü…ôh…ôri, Qusar-Xudat yolu, AZ 3800",Qusar,41.63299,48.42882,(023) 385-56-30,Avtoyuma; Azpetrol kartlarńĪna xidm…ôt; Bank kartlarńĪna xidm…ôt; Elektromobill…ôrin doldurma xidm…ôti; Kafe; YDM; √Ėd…ôm…ô terminallarńĪ,478,,https://qnela1.azpetrol.com/uploads/image_4229d543e5.jpg,https://www.azpetrol.com/service-network,2025-12-17T14:50:24.060447
Azpetrol,Qusar-QDM,"Qusar rayonu, Qusar Ňü…ôh…ôri, Qusar-Xudat yolu, AZ 3800",Qusar,41.44147,48.46463,(023) 385-57-86,Azpetrol kartlarńĪna xidm…ôt; Bank kartlarńĪna xidm…ôt; QDM (Propan-Butan); √Ėd…ôm…ô terminallarńĪ,481,,https://qnela1.azpetrol.com/uploads/image_2f6332b200.jpg,https://www.azpetrol.com/service-network,2025-12-17T14:50:24.060447
Azpetrol,M…ôrd…ôkan,"BakńĪ Ňü…ôh…ôri, X…ôz…ôr rayonu, Qala ŇěTQ, Qala q…ôs…ôb…ôsi, Aeroport-M…ôrd…ôkan dair…ôsi, avtomobil yolunun sańü t…ôr…ôfi, AZ 1046",BakńĪ,40.46781,50.09287,(012) 456-50-43,Azpetrol kartlarńĪna xidm…ôt; Bank kartlarńĪna xidm…ôt; Bankomat; CNG qaz (Metan); Elektromobill…ôrin doldurma xidm…ôti; Kafe; Market; Maye qaz postu (LPG); YDM; √Ėd…ôm…ô terminallarńĪ,484,,https://qnela1.azpetrol.com/uploads/image_9417ac6c6d.jpg,https://www.azpetrol.com/service-network,2025-12-17T14:50:24.060447
Azpetrol,M…ôrd…ôkan-2,"BakńĪ Ňü…ôh…ôri, X…ôz…ôr rayonu, Qala ŇěTQ, Qala q…ôs…ôb…ôsi, Aeroport-M…ôrd…ôkan dair…ôsi, avtomobil yolunun sańü t…ôr…ôfi, AZ 1046",BakńĪ,40.46821,50.09381,(012) 456-52-49,Azpetrol kartlarńĪna xidm…ôt; Bank kartlarńĪna xidm…ôt; Bankomat; CNG qaz (Metan); Elektromobill…ôrin doldurma xidm…ôti; Kafe; Maye qaz postu (LPG); YDM,487,,https://qnela1.azpetrol.com/uploads/image_359b0bf89b.jpg,https://www.azpetrol.com/service-network,2025-12-17T14:50:24.060447
Azpetrol,Ňěabran-2,"Ňěabran rayonu, Ňěabran Ňü…ôh…ôri, M…ômm…ôd…ômin R…ôsulzad…ô k√ľ√ß…ôsi, AZ 1700",Ňěabran,41.19109,48.99611,(023) 358-28-64,Avtoyuma; Azpetrol kartlarńĪna xidm…ôt; Bank kartlarńĪna xidm…ôt; Elektromobill…ôrin doldurma xidm…ôti; Kafe; YDM,490,,https://qnela1.azpetrol.com/uploads/image_8cdcfd4098.jpg,https://www.azpetrol.com/service-network,2025-12-17T14:50:24.060447
Azpetrol,Ańüsu,"Ańüsu rayonu, Ańüsu Ňü…ôh…ôri, BakńĪ-Qazax yolunun yaxńĪnlńĪńüńĪnda, C…ônub t…ôr…ôfi, AZ 0600",Ańüsu,40.58016,48.38352,(020) 225-49-99,Avtoyuma; Azpetrol kartlarńĪna xidm…ôt; Bank kartlarńĪna xidm…ôt; Bankomat; Kafe; YDM,493,,https://qnela1.azpetrol.com/uploads/image_84a4bfcefc.jpg,https://www.azpetrol.com/service-network,2025-12-17T14:50:24.060447
Azpetrol,C…ôngi,"Qobustan rayonu, C…ôngi k…ôndi, BakńĪ-Qazax yolunun yaxńĪnlńĪńüńĪnda 57-ci km, AZ 3700",Qobustan,40.50237,49.26415,(050) 282-71-07,Avtoyuma; Azpetrol kartlarńĪna xidm…ôt; Bank kartlarńĪna xidm…ôt; Bankomat; Kafe; Market; YDM,496,,https://qnela1.azpetrol.com/uploads/image_8c97b08036.jpg,https://www.azpetrol.com/service-network,2025-12-17T14:50:24.060447
Azpetrol,G√∂yg√∂l,"G√∂yg√∂l rayonu, G√∂yg√∂l Ňü…ôh…ôri, Heyd…ôr ∆Źliyev prospekti, AZ 2501",G√∂yg√∂l,40.60431,46.32382,(022) 205-07-35,Avtoyuma; Azpetrol kartlarńĪna xidm…ôt; Bank kartlarńĪna xidm…ôt; Kafe; Market; YDM; √Ėd…ôm…ô terminallarńĪ,499,,https://qnela1.azpetrol.com/uploads/image_7efbdd37f4.jpg,https://www.azpetrol.com/service-network,2025-12-17T14:50:24.060447
Azpetrol,ńįsmayńĪllńĪ,"ńįsmayńĪllńĪ rayonu, ńįsmayńĪllńĪ Ňü…ôh…ôri, ∆Ź. Mahmudov k√ľ√ß…ôsi, AZ 3100",ńįsmayńĪllńĪ,40.7871,48.18527,(020) 282-71-69,Avtoyuma; Azpetrol kartlarńĪna xidm…ôt; Bank kartlarńĪna xidm…ôt; Kafe; Market; YDM; √Ėd…ôm…ô terminallarńĪ,502,,https://qnela1.azpetrol.com/uploads/image_e2789af332.jpg,https://www.azpetrol.com/service-network,2025-12-17T14:50:24.060447
Azpetrol,Ňě…ôki-2,"Ňě…ôki rayonu, Ňě…ôki Ňü…ôh…ôri, 101-ci kvartal, AZ 5500",Ňě…ôki,41.15599,47.18724,(024) 245-22-02,Avtoyuma; Azpetrol kartlarńĪna xidm…ôt; Bank kartlarńĪna xidm…ôt; Kafe; Market; YDM; √Ėd…ôm…ô terminallarńĪ,505,,https://qnela1.azpetrol.com/uploads/image_d8c8db8351.jpg,https://www.azpetrol.com/service-network,2025-12-17T14:50:24.060447
Azpetrol,Heyd…ôr ∆Źliyev prospekti 105,"BakńĪ Ňü…ôh…ôri, Nizami rayonu, Heyd…ôr ∆Źliyev prospekti 105, AZ 1029",BakńĪ,40.41045,49.89335,(012) 567-16-51; (012) 567-20-48,Avtoyuma; Azpetrol kartlarńĪna xidm…ôt; Bank kartlarńĪna xidm…ôt; Bankomat; Elektromobill…ôrin doldurma xidm…ôti; Kafe; YDM; √Ėd…ôm…ô terminallarńĪ,508,,https://qnela1.azpetrol.com/uploads/image_3b21b5ef4c.jpg,https://www.azpetrol.com/service-network,2025-12-17T14:50:24.060447
Azpetrol,Heyd…ôr ∆Źliyev prospekti 108,"BakńĪ Ňü…ôh…ôri, Nizami rayonu, Heyd…ôr ∆Źliyev prospekti 170, AZ 1029",BakńĪ,40.41823,49.91241,(012) 514-90-34,Avtoyuma; Azpetrol kartlarńĪna xidm…ôt; Bank kartlarńĪna xidm…ôt; Bankomat; Elektromobill…ôrin doldurma xidm…ôti; Kafe; YDM; √Ėd…ôm…ô terminallarńĪ,511,,https://qnela1.azpetrol.com/uploads/image_ea2e4832fd.jpg,https://www.azpetrol.com/service-network,2025-12-17T14:50:24.060447
Azpetrol,SumqayńĪt-3,"SumqayńĪt Ňü…ôh…ôri, BakńĪ-Quba yolu 45-cu kilometr, AZ 5000",SumqayńĪt,40.64809,49.53178,(050) 291-57-62,Avtoyańülama; Avtoyuma; Azpetrol kartlarńĪna xidm…ôt; Bank kartlarńĪna xidm…ôt; Elektromobill…ôrin doldurma xidm…ôti; Kafe; YDM,514,,https://qnela1.azpetrol.com/uploads/image_d4e9a0b382.jpg,https://www.azpetrol.com/service-network,2025-12-17T14:50:24.060447
Azpetrol,Ňě…ômkir-M…ôrk…ôz,"Ňě…ômkir rayonu, Ňě…ômkir Ňü…ôh…ôri, Heyd…ôr ∆Źliyev prospekti, AZ 5700",Ňě…ômkir,40.84554,46.02768,(022) 303-01-41,Avtoyuma; Azpetrol kartlarńĪna xidm…ôt; Bank kartlarńĪna xidm…ôt; Kafe; Market; YDM; √Ėd…ôm…ô terminallarńĪ,517,,https://qnela1.azpetrol.com/uploads/image_c0be2e4456.jpg,https://www.azpetrol.com/service-network,2025-12-17T14:50:24.060447
Azpetrol,ŇěamaxńĪ-M…ôrk…ôz,"ŇěamaxńĪ rayonu, ŇěamaxńĪ Ňü…ôh…ôri, S.∆Ź.Ňěirvani k√ľ√ß…ôsi ev 1, AZ 5600",ŇěamaxńĪ,40.62097,48.64897,(020) 265-73-83,Avtoyuma; Azpetrol kartlarńĪna xidm…ôt; Bank kartlarńĪna xidm…ôt; Kafe; YDM; √Ėd…ôm…ô terminallarńĪ,520,,https://qnela1.azpetrol.com/uploads/image_edd036882f.jpg,https://www.azpetrol.com/service-network,2025-12-17T14:50:24.060447
Azpetrol,Ming…ô√ßevir-2,"Yevlax rayonu, HavarlńĪ k…ôndi, AZ 6600",Yevlax,40.75609,47.08775,(024) 273-00-50,Avtoyuma; Azpetrol kartlarńĪna xidm…ôt; Bank kartlarńĪna xidm…ôt; Elektromobill…ôrin doldurma xidm…ôti; Kafe; Motel; YDM; √Ėd…ôm…ô terminallarńĪ,523,,https://qnela1.azpetrol.com/uploads/image_2b750f0088.jpg,https://www.azpetrol.com/service-network,2025-12-17T14:50:24.060447
Azpetrol,Beyl…ôqan,"Beyl…ôqan rayonu, Beyl…ôqan-DaŇüburun avtomobil yolunun sol t…ôr…ôfi, AZ 1200",Beyl…ôqan,39.75568,47.60623,(012) 585-41-04; (021) 225-27-51 (motel),Avtoyuma; Azpetrol kartlarńĪna xidm…ôt; Bank kartlarńĪna xidm…ôt; Bankomat; Kafe; Motel; YDM,526,,https://qnela1.azpetrol.com/uploads/image_b7da225021.jpg,https://www.azpetrol.com/service-network,2025-12-17T14:50:24.060447
Azpetrol,Samux,"Samux rayonu, Samux Ňü…ôh…ôri, Samux-G…ônc…ô yolunun sol t…ôr…ôfi, AZ 5100",Samux,40.74235,46.39031,(050) 780-05-47,Azpetrol kartlarńĪna xidm…ôt; Bank kartlarńĪna xidm…ôt; Kafe; YDM,532,,https://qnela1.azpetrol.com/uploads/image_c29fe867a6.jpg,https://www.azpetrol.com/service-network,2025-12-17T14:50:24.060447
Azpetrol,Mayak-2,"BakńĪ Ňü…ôh…ôri, Qaradańü rayonu, Salyan Ňüossesi 15-ci km, AZ 1063",BakńĪ,40.29675,49.755333,(012) 565-60-91,Avtoyańülama; Avtoyuma; Azpetrol kartlarńĪna xidm…ôt; Bank kartlarńĪna xidm…ôt; Bankomat; Elektromobill…ôrin doldurma xidm…ôti; Kafe; Market; YDM; √Ėd…ôm…ô terminallarńĪ,535,,https://qnela1.azpetrol.com/uploads/image_fb3cad7ea2.jpg,https://www.azpetrol.com/service-network,2025-12-17T14:50:24.060447
Azpetrol,MasazńĪr,"AbŇüeron rayonu, Saray q…ôs…ôb…ôsi, Villa Badam yaŇüayńĪŇü kompleksinin yanńĪ, AZ 0121",AbŇüeron,40.51175,49.753056,(050) 563-37-09,Avtoyuma; Azpetrol kartlarńĪna xidm…ôt; Bank kartlarńĪna xidm…ôt; Bankomat; CNG qaz (Metan); Elektromobill…ôrin doldurma xidm…ôti; Kafe; YDM; √Ėd…ôm…ô terminallarńĪ,538,,https://qnela1.azpetrol.com/uploads/image_3f5b9a8f44.jpg,https://www.azpetrol.com/service-network,2025-12-17T14:50:24.060447
Azpetrol,Siy…ôz…ôn-2,"Siy…ôz…ôn rayonu, Yeni K…ônd k…ôndi, BakńĪ-Quba yolunun sol t…ôr…ôfi, AZ 5300",Siy…ôz…ôn,41.143615,49.070969,(023) 303-68-03,Avtoyuma; Azpetrol kartlarńĪna xidm…ôt; Bank kartlarńĪna xidm…ôt; Elektromobill…ôrin doldurma xidm…ôti; Kafe; YDM,541,,https://qnela1.azpetrol.com/uploads/image_c7ee0e844b.jpg,https://www.azpetrol.com/service-network,2025-12-17T14:50:24.060447
Azpetrol,Salyan-2,"Salyan rayonu, √áuxanlńĪ ∆Ź/V, √áuxanlńĪ k…ôndi, ∆Źl…ôt-Astara-ńįran ńįslam RespublikasńĪ avtomobil yolu 47-ci km AZ 5213",Salyan,39.683984,49.009035,(050) 780-05-27,Avtoyańülama; Azpetrol kartlarńĪna xidm…ôt; Bank kartlarńĪna xidm…ôt; Elektromobill…ôrin doldurma xidm…ôti; Kafe; YDM,544,,https://qnela1.azpetrol.com/uploads/image_545f7eb31e.jpg,https://www.azpetrol.com/service-network,2025-12-17T14:50:24.060447
Azpetrol,ŇěamaxńĪ Asan,"ŇěamaxńĪ rayonu, Ňěahriyar q…ôs…ôb…ôsi, BakńĪ-ŇěamaxńĪ yolunun sol t…ôr…ôfi",ŇěamaxńĪ,40.6128428,48.6658843,(012) 404 76 54,Avtot…ômir; Avtoyuma; Azpetrol kartlarńĪna xidm…ôt; Bank kartlarńĪna xidm…ôt; Elektromobill…ôrin doldurma xidm…ôti; Kafe; YDM; √Ėd…ôm…ô terminallarńĪ,547,,https://qnela1.azpetrol.com/uploads/image_8074c2ed6c.jpg,https://www.azpetrol.com/service-network,2025-12-17T14:50:24.060447
Azpetrol,K√ľrd…ômir Asan,"K√ľrd…ômir rayonu, ŇěńĪxńĪmlńĪ k…ôndi",K√ľrd…ômir,40.32209806424409,48.18951427264885,(020) 255-34-26; (012) 585-06-07 (motel),Avtot…ômir; Avtoyańülama; Avtoyuma; Azpetrol kartlarńĪna xidm…ôt; Bank kartlarńĪna xidm…ôt; Bankomat; Elektromobill…ôrin doldurma xidm…ôti; Kafe; Motel; YDM,550,,https://qnela1.azpetrol.com/uploads/image_6637933db8.jpg,https://www.azpetrol.com/service-network,2025-12-17T14:50:24.060447
Azpetrol,Nizami,"BakńĪ Ňü…ôh…ôri, Nizami rayonu, M. ∆Źliyev k√ľ√ß…ôsi 2405-ci m…ôh…ôll…ô,",BakńĪ,40.41223105602965,49.924139075715104,(012) 525-95-01,Avtoyańülama; Avtoyuma; Azpetrol kartlarńĪna xidm…ôt; Bank kartlarńĪna xidm…ôt; Bankomat; Elektromobill…ôrin doldurma xidm…ôti; Kafe; Market; YDM; √Ėd…ôm…ô terminallarńĪ,553,,https://qnela1.azpetrol.com/uploads/image_a74bd04fd6.jpg,https://www.azpetrol.com/service-network,2025-12-17T14:50:24.060447
Azpetrol,H√∂km…ôli,"AbŇüeron rayonu, XńĪrdalan Ňü…ôh…ôri, H√∂km…ôli q…ôs, (BakńĪ-ŇěamaxńĪ Ňüossesi)",AbŇüeron,40.44226765014964,49.74537789149956,(012) 341-00-34,Avtomarket; Avtoyuma; Azpetrol kartlarńĪna xidm…ôt; Bank kartlarńĪna xidm…ôt; Bankomat; Elektromobill…ôrin doldurma xidm…ôti; Kafe; YDM,556,,https://qnela1.azpetrol.com/uploads/image_5b5e1f65e7.jpg,https://www.azpetrol.com/service-network,2025-12-17T14:50:24.060447
Azpetrol,‚ÄúAzpetrol‚ÄĚ ‚ÄúBakuBus‚ÄĚ STQ,"BakńĪ Ňü…ôh…ôri, N…ôrimanov rayonu, Ziya B√ľnyadov prospekti 111, AZ1029",BakńĪ,40.42355093453663,49.90925646552064,(012) 565-60-87,Azpetrol Baku Bus STQ TerminalńĪ,559,,https://qnela1.azpetrol.com/uploads/image_7d42696649.jpg,https://www.azpetrol.com/service-network,2025-12-17T14:50:24.060447
Azpetrol,Yasamal avtopark-1,"BakńĪ Ňü…ôh…ôri, Yasamal r-nu , Xarci Dair…ôvi, QanlńĪ G√∂l√ľn Ňěimal Q…ôrb hiss…ôsi, AZ 1070",BakńĪ,40.368118654536396,49.794430129963914,(051) 970-33-58,Azpetrol kartlarńĪna xidm…ôt; YDM,562,,https://qnela1.azpetrol.com/uploads/image_74944331c6.jpg,https://www.azpetrol.com/service-network,2025-12-17T14:50:24.060447
Azpetrol,AńüalńĪ,Z…ôngilan rayonu AńüalńĪ ∆Ź/V ev.5,Z…ôngilan,39.18109,46.76367,(050) 750 81 63,Azpetrol kartlarńĪna xidm…ôt; Bank kartlarńĪna xidm…ôt; Bankomat; YDM,568,,https://qnela1.azpetrol.com/uploads/image_c40fd9d5dc.jpg,https://www.azpetrol.com/service-network,2025-12-17T14:50:24.060447
Azpetrol,Saray,"AbŇüeron rayonu, Saray-SumqayńĪt Ňüossesi",AbŇüeron,40.505034929558356,49.70810115812174,(012) 526-01-37,Avtoyuma; Azpetrol kartlarńĪna xidm…ôt; Bank kartlarńĪna xidm…ôt; Bankomat; Elektromobill…ôrin doldurma xidm…ôti; Kafe; YDM,571,,https://qnela1.azpetrol.com/uploads/image_b6dbc495eb.jpg,https://www.azpetrol.com/service-network,2025-12-17T14:50:24.060447
Azpetrol,Hadrut,2800 Xocav…ônd rayonu Hadrut ∆Ź/V,2800 Xocav…ônd,39.51164,47.04889,(051)846-06-69,Azpetrol kartlarńĪna xidm…ôt; Bank kartlarńĪna xidm…ôt; Bankomat; YDM,574,,https://qnela1.azpetrol.com/uploads/image_4cd3828c2a.jpg,https://www.azpetrol.com/service-network,2025-12-17T14:50:24.060447
Azpetrol,SuqovuŇüan,"5900 T…ôrt…ôr r-nu, SuqovuŇüan q…ôs",5900,40.331795,46.755302,(051)970-34-28,Azpetrol kartlarńĪna xidm…ôt; Bank kartlarńĪna xidm…ôt; Bankomat; YDM,577,,https://qnela1.azpetrol.com/uploads/image_dbb1679bed.jpg,https://www.azpetrol.com/service-network,2025-12-17T14:50:24.060447
Azpetrol,F√ľzuli,"AZ1901,F√ľzuli rayonu, Qaraxanb…ôyli, F√ľzuli-ŇěuŇüa Z…ôf…ôr yolu",AZ1901,39.59983,47.260067,(050) 513-84-76,Azpetrol kartlarńĪna xidm…ôt; Bank kartlarńĪna xidm…ôt; Bankomat; YDM,580,,https://qnela1.azpetrol.com/uploads/image_d09654cf99.jpg,https://www.azpetrol.com/service-network,2025-12-17T14:50:24.060447
Azpetrol,Yasamal Avtopark-2,"Yasamal r-nu, Xarici dair…ôvi ev.62 m.1",Yasamal,40.403225,49.792329,(050)731-14-10,Azpetrol kartlarńĪna xidm…ôt; YDM,583,,https://qnela1.azpetrol.com/uploads/image_8c5aa6a378.jpg,https://www.azpetrol.com/service-network,2025-12-17T14:50:24.060447
Azpetrol,XńĪrdalan Avtopark,"XńĪrdalan Ňü…ôh.,28-ci m…ôh…ôll…ô ev Betonzavodun yanńĪ",XńĪrdalan,40.450764,49.732067,(050) 750-81-67,Azpetrol kartlarńĪna xidm…ôt; YDM,586,,https://qnela1.azpetrol.com/uploads/image_42b466e413.jpg,https://www.azpetrol.com/service-network,2025-12-17T14:50:24.060447
Azpetrol,Xank…ôndi,"2600 XocalńĪ rayonu, Xank…ôndi Ňü…ôh…ôri",2600 XocalńĪ,39.870869,46.774361,(050)780-05-33,Azpetrol kartlarńĪna xidm…ôt; Bank kartlarńĪna xidm…ôt; YDM,589,,https://qnela1.azpetrol.com/uploads/image_19c07956ac.jpg,https://www.azpetrol.com/service-network,2025-12-17T14:50:24.060447
Azpetrol,ŇěuŇüa,"ŇěuŇüa rayonu, Az…ôrbaycan evi, 3 km",ŇěuŇüa,39.779349,46.750321,(010) 232-05-84,Azpetrol kartlarńĪna xidm…ôt; Bank kartlarńĪna xidm…ôt; Bankomat; YDM,592,,https://qnela1.azpetrol.com/uploads/image_5a97b30fad.jpg,https://www.azpetrol.com/service-network,2025-12-17T14:50:24.060447
Azpetrol,Ańücab…ôdi,Ańücab…ôdi rayonu M. R…ôsulzad…ô ev 201 A m.,Ańücab…ôdi,40.06916,47.475977,(010) 252-27-11,Avtoyuma; Azpetrol kartlarńĪna xidm…ôt; Bank kartlarńĪna xidm…ôt; Bankomat; Kafe; YDM,595,,https://qnela1.azpetrol.com/uploads/image_09378f0fb1.jpg,https://www.azpetrol.com/service-network,2025-12-17T14:50:24.060447
Azpetrol,∆Źsg…ôran,"XocalńĪ Rayonu, XocalńĪ Ňü…ôh.",XocalńĪ,39.9244,46.826261,(010) 232-31-29,Azpetrol kartlarńĪna xidm…ôt; Bank kartlarńĪna xidm…ôt; YDM,598,,https://qnela1.azpetrol.com/uploads/image_956a27e4bf.jpg,https://www.azpetrol.com/service-network,2025-12-17T14:50:24.060447
Azpetrol,La√ßńĪn,AZ4100 La√ßńĪn rayonu Zerti k…ôndi,AZ4100 La√ßńĪn,39.675292008134676,46.53684607735783,(010) 265-29-96,Azpetrol kartlarńĪna xidm…ôt; Bank kartlarńĪna xidm…ôt; YDM,605,,https://qnela1.azpetrol.com/uploads/lachin_item_1d6dd9afaa.jpeg,https://www.azpetrol.com/service-network,2025-12-17T14:50:24.060447
Azpetrol,C…ôbrayńĪl,AZ1400 C…ôbrayńĪl rayonu SoltanlńĪ ∆Ź/V,AZ1400 C…ôbrayńĪl,39.256449606039865,47.03302584417924,(050) 245-25-04,Avtoyańülama; Avtoyuma; Azpetrol kartlarńĪna xidm…ôt; Bank kartlarńĪna xidm…ôt; Elektromobill…ôrin doldurma xidm…ôti; Kafe; YDM,606,,https://qnela1.azpetrol.com/uploads/cebrayil_2ed233f247.jpg,https://www.azpetrol.com/service-network,2025-12-17T14:50:24.060447
Azpetrol,G…ônc…ô M…ôrk…ôz-2,"G…ônc…ô Ňü…ôh…ôri,Ňěah ńįsmayńĪl X…ôtai prospekti 96,AZ 2001",G…ônc…ô,40.692951,46.379118,(050)790-62-43,Avtoyuma; Azpetrol kartlarńĪna xidm…ôt; Bank kartlarńĪna xidm…ôt; Elektromobill…ôrin doldurma xidm…ôti; Kafe; YDM,612,,https://qnela1.azpetrol.com/uploads/Network_Gence_M2_1f35fd1a3d.jpg,https://www.azpetrol.com/service-network,2025-12-17T14:50:24.060447
Azpetrol,La√ßńĪn,,,39.67449926283786,46.53890601384122,,,488,,,https://www.azpetrol.com/service-network,2025-12-17T14:50:24.060447
Azpetrol,C…ôbrayńĪl,,,39.25649945142643,47.032897098149036,,,489,,,https://www.azpetrol.com/service-network,2025-12-17T14:50:24.060447
SOCAR,1 SAYLI YDS,"BakńĪ Ňü-ri, SuraxanńĪ r-nu, Yeni SuraxanńĪ Q…ôs…ôb…ôsi, BakńĪ-Aeroport yolu, 7-ci km, 1",BakńĪ,40.440428,50.013696,,,,"40.440428, 50.013696",https://mymaps.usercontent.google.com/hostedimage/m/*/3ALCsBooZI3iY-2pTup_1WmB5cH0XApCHadw5QxUYMxValcJ0S_ew5hDjwmU3ilb0FzY6W9r9EWk_-i5PZa5YTMwfFh7YmHD7V-9owalWkq_gcdU7isQ_zrcI5oq-dlPnh1RiVnDVgq2jAa-SFVK2699pAaoQIaJA9UwQgjC5r2Xir1vIRg4TNItvcRkEIZX80W5rMZrzaHxS2vFd6g?fife=s16383,https://socar-petroleum.az/az/pages/xidmet-sebekesi,2025-12-17T14:50:24.060447
SOCAR,1i SAYLI YDS,"AbŇüeron rayonu, 3 SAYLI zeytun sovxozunun …ôrazisi.",AbŇüeron,40.430313,50.193196,,,,"40.430313, 50.193196",,https://socar-petroleum.az/az/pages/xidmet-sebekesi,2025-12-17T14:50:24.060447
SOCAR,CNG 1,ZńĪńü H√∂vsan yolu,ZńĪńü,40.354868,49.980084,,,,"40.354868, 49.980084",,https://socar-petroleum.az/az/pages/xidmet-sebekesi,2025-12-17T14:50:24.060447
SOCAR,2 SAYLI YDS,"BakńĪ-Aeroport yolunun sańü t…ôr…ôfind…ô, Sabun√ßu dair…ôsi yaxńĪnlńĪńüńĪnda",BakńĪ,40.439143,49.938807,,,,"40.439143, 49.938807",,https://socar-petroleum.az/az/pages/xidmet-sebekesi,2025-12-17T14:50:24.060447
SOCAR,2i SAYLI YDS,"BakńĪ Ňü…ôh…ôri, X…ôz…ôr rayonu, Buzovna q…ôs…ôb…ôsi, MaŇütańüa yolu AlbalńĪlńĪq, AbŇüeron k√ľ√ß…ôsi 105",BakńĪ,40.5172788,50.0605557,,,,"40.5172788, 50.0605557",,https://socar-petroleum.az/az/pages/xidmet-sebekesi,2025-12-17T14:50:24.060447
SOCAR,3 SAYLI YDS,"X…ôz…ôr rayonu, M…ôrd…ôkan Ňě.T.Q, M…ôrd…ôkan-Qala yol ayrńĪcńĪnńĪn c…ônub-q…ôrb hiss…ôsi",X…ôz…ôr,40.471663,50.104087,,,,"40.471663, 50.104087",,https://socar-petroleum.az/az/pages/xidmet-sebekesi,2025-12-17T14:50:24.060447
SOCAR,3i SAYLI YDS,"BakńĪ Ňü…ôh…ôri, Sabun√ßu rayonu, BakńĪ-Zabrat yolu sańü t…ôr…ôf",BakńĪ,40.464439,49.94355,,,,"40.464439, 49.943550",,https://socar-petroleum.az/az/pages/xidmet-sebekesi,2025-12-17T14:50:24.060447
SOCAR,4 SAYLI YDS,Aeroport-BakńĪ yeni salńĪnmńĪŇü beton yolun sańü t…ôr…ôfind…ô,BakńĪ,40.4327,50.05867,,,,"40.4327,50.05867",,https://socar-petroleum.az/az/pages/xidmet-sebekesi,2025-12-17T14:50:24.060447
SOCAR,4i SAYLI YDS,"Goranboy rayonu, Cinli Boluslu k…ôndi",Goranboy,40.644941,46.8662,,,,"40.644941, 46.866200",https://mymaps.usercontent.google.com/hostedimage/m/*/3ALCsBoqphBBhrnGvISQrKFszk3d6A9-nVWpou1Kxbwtal3x00RXjl56AaZqBiEoVt0-h2EXNzk2lQ6Cd-4DAWLB9gxDwsmo2yAN_4QoacusQ2imocpkBYZV5wYNNpi0RQ_-doze_CT8amxaYPBQwA5A9gPB8jlOwC-hEX9Hs1sS5orAqsFNpTQiYWNeoyzFSuZ-SHn69nwcw7DDw5g?fife=s16383,https://socar-petroleum.az/az/pages/xidmet-sebekesi,2025-12-17T14:50:24.060447
SOCAR,5 SAYLI YDS,"ZńĪńü Ňüosessi, G…ônclik parkńĪ yanńĪnda.",ZńĪńü,40.355476,49.953145,,,,"40.355476, 49.953145",https://mymaps.usercontent.google.com/hostedimage/m/*/3ALCsBoqXWRdI3B3_W0yvFZvjEebAocFUpn23NCTVvOv4DjWETz8NKuhgYNhx5CT4DMqOVffo80JqM-te-QX6Ami6o2s8zNEpXpFmmjE9wJ1nJPkswoe47BjskOAoKQhb3kzMKVPegClBG87cLok0oOj3SmjkexrW3mJvxR2EJhYiV5ZKED2nsjrONCkZ9KSP-m7W6MpVr41EaAxGpA?fife=s16383,https://socar-petroleum.az/az/pages/xidmet-sebekesi,2025-12-17T14:50:24.060447
SOCAR,5i SAYLI YDS,"Ucar rayonu, M√ľs√ľsl√ľ k…ôndi",Ucar,40.441842,47.903262,,,,"40.441842, 47.903262",https://mymaps.usercontent.google.com/hostedimage/m/*/3ALCsBooFe_1CMyMeNKciBbaQ_Lt_zULDDtebpgEEWIXAUkxldio6RZESwfP13gZWWPFp2xKCjj6vQtHi7YhSC-MrXZGbB1OpBHZu8brE5VouBVaJKcKGCSC6chcvj5brk91KCQi9ItoONp_v_tVHE9_idMD3YFhdw4EteUfsu9d_cH0eyKfOGzhJV3P-DtQfJOlezzZLTx9C8mS9jA?fife=s16383,https://socar-petroleum.az/az/pages/xidmet-sebekesi,2025-12-17T14:50:24.060447
SOCAR,6 SAYLI YDS,"BakńĪ Ňü…ôh…ôri, S…ôbail rayonu , Yeni Salyan yolu, 25 km, Bina 31 (Bibiheyb…ôt m…ôscidinden Ňü…ôh…ôr istiqam…ôtind…ô yeni √ß…ôkilmiŇü yolun sańü t…ôr…ôfind…ô)",BakńĪ,40.3188957,49.8215404,,,,"40.31858,49.82177",https://mymaps.usercontent.google.com/hostedimage/m/*/3ALCsBoq0g2p2IwT1FySqhuloVj2qeHvsVmhatc_4ggdEx2T0a5ghVV3clbTKb4CkImijGIT-QufrlBs7Tdfd7cH4YUB4eUc53AoUSXx2_4q1vi9ycnpEiWxIiiPbhqy6OMp3Zb-B8LpeSgsbCv2qP449hG2hntWcddkVYghBv2eN4ASzjdW1qrB43OJGcmrW39MaLj_VWt4MAN7qxg?fife=s16383,https://socar-petroleum.az/az/pages/xidmet-sebekesi,2025-12-17T14:50:24.060447
SOCAR,6i SAYLI YDS,Pirallahi q…ôs…ôb…ôsi,Pirallahi,40.458214,50.33621,,,,"40.458214, 50.336210",https://mymaps.usercontent.google.com/hostedimage/m/*/3ALCsBoo0sbtvEyx_i5I-C5c9bOW0IzoRueTtQ240-rHpJmimPLwZ2fKwrlv17wwB-AQLku7l5yJagtD0ck4j0pXgwAX2Z6EEXChbScAlML_CoCpYzCKqr0CmwmEKJlTlY_acRE_zIozaVWbFFK2bxKduQs_zW2P4xyu5o12OOKjom4wx1WSHKipI95K1l1W-zPkodTjrQ91UD1ZJKg?fife=s16383,https://socar-petroleum.az/az/pages/xidmet-sebekesi,2025-12-17T14:50:24.060447
SOCAR,6s SAYLI YDS,"Qusar rayonu, Qusar-Laza yolunun 29-cu km-d…ô yerl…ôŇü…ôn Ňěahdańü Turizm M…ôrk…ôzinin …ôrazisi",Qusar,41.327563,48.148946,,,,"41.327563, 48.148946",https://mymaps.usercontent.google.com/hostedimage/m/*/3ALCsBorirb-oQw0c4owHTZAElXUx4kiQmnSDFgWvm8POHbdO6Y8twYwnTQQ6T6paxoGVmDMQImm2G-E3s0D9GXEdj3yTcEPR4BrEOD98NJm3wQKYvwCORE4Omw-D6mgK2qGWujxBdtIjCX6fEg9LONczQ3GzDu8IfvFq11D5fUwepHXepiN3GzkmiXg_p1Y5QURP4uXdRSMEOMs9Og?fife=s16383,https://socar-petroleum.az/az/pages/xidmet-sebekesi,2025-12-17T14:50:24.060447
SOCAR,7 SAYLI YDS,"BakńĪ Salyan Ňüossesinin 70-ci km-i, Haciqabul-Astara yol ayrńĪcńĪ, yolun sańü t…ôr…ôfind…ô",Salyan,39.967301,49.408622,,,,"39.967301, 49.408622",,https://socar-petroleum.az/az/pages/xidmet-sebekesi,2025-12-17T14:50:24.060447
SOCAR,7i SAYLI YDS,"Bin…ôq…ôdi rayonu, Goradil q…ôs…ôb…ôsi",Bin…ôq…ôdi,40.566106,49.856617,,,,"40.566106, 49.856617",https://mymaps.usercontent.google.com/hostedimage/m/*/3ALCsBoozRM-nOlGF1t_P7eVfg7uSuwEReXQ3ujYMkhuKGYOYrqEo5oXgPoJ2VUcJOUOT-wOcoXj1DTsONSYqwaUDSaHNFT-VgPZrnhlhsOslj4QJ6Y8abBntbyXs3_scmJmgnUGkRtKXsKz9TGZ3p92bbnTM2attG2VZ-HYx6qnScAT87X5-KhspoaRU9J9b1pvjWofV9jJL43xvTA?fife=s16383,https://socar-petroleum.az/az/pages/xidmet-sebekesi,2025-12-17T14:50:24.060447
SOCAR,8 SAYLI YDS,"BakńĪ Salyan Ňüossesinin 70-ci km-i, Haciqabul-Astara yol ayrńĪcńĪ, yolun sol t…ôr…ôfind…ô",Salyan,39.970057,49.41544,,,,"39.970057, 49.415440",,https://socar-petroleum.az/az/pages/xidmet-sebekesi,2025-12-17T14:50:24.060447
SOCAR,8i SAYLI YDS,"Yevlax-Zaqatala yolu istiqam…ôti, Ňě…ôki Ňü…ôh…ôrinin sonuncu k…ôndi sayńĪlan √áayqaraqoyunlu k…ôndi …ôrazisi",Yevlax-Zaqatala,40.844999,47.219173,,,,"40.844999, 47.219173",https://mymaps.usercontent.google.com/hostedimage/m/*/3ALCsBoruec0DYq8MPY0gOF6m240irHT8gdTEUV8GeijcEUzpqZ82jUk5HiFrbhJnXuQ4kRIl9X0X0r8eAga3CFwz-5D-o1ZbLgcDS6o8Q916yXzXmNzFc_3qA11YMjvDILDZ5EjZ51NzsrFCkMPGPdn9EErP0ZrOczjrW2MPGjwrUhCERl65GZlD9_a3bbd_x1hT9sb-bCH2H_tElA?fife=s16383,https://socar-petroleum.az/az/pages/xidmet-sebekesi,2025-12-17T14:50:24.060447
SOCAR,8s SAYLI YDS,Ańüdam Ňü…ôh…ôri,Ańüdam,40.013422,46.947148,,,,"40.013422, 46.947148",https://mymaps.usercontent.google.com/hostedimage/m/*/3ALCsBoqfimjCmPPCTG_d_Q7HCBREPi3Ms16csM_2j3m5XGBOSOoYXCazIodWAJUiXagLC8ip7z-m9ak3IsIoJkYSFe_1P_GFLwo9ApPzqWLcK3acc8oLWgHU-KFHZ3Oq9U1RaNNa1jNcAVXbrwZ4CRI74H6ZSixXMpmcgWIZhjvua3RRzHZmn1labPYYJv_NXbXQLUDEzn0wK1eX?fife=s16383,https://socar-petroleum.az/az/pages/xidmet-sebekesi,2025-12-17T14:50:24.060447
SOCAR,9 SAYLI YDS,"BakńĪ Salyan Ňüossesinin 14-c√ľ km-i, L√∂kbatan q…ôs…ôb…ôsi yaxńĪnlńĪńüńĪnda, yolun sańü t…ôr…ôfind…ô",Salyan,40.2967326,49.7524934,,,,"40.2967326, 49.7524934",,https://socar-petroleum.az/az/pages/xidmet-sebekesi,2025-12-17T14:50:24.060447
SOCAR,9i SAYLI YDS,"BakńĪ Ňü…ôh…ôri, Bil…ôc…ôri q…ôs…ôb…ôsi, SumqayńĪt Ňüosesi, 2-ci km. 4 √ľnvanńĪnda, D√∂vl…ôt Yol Polis ńįdar…ôsin…ô m…ôxsus ekologiya postu yaxńĪnlńĪńüńĪnda",BakńĪ,40.433378,49.784576,,,,"40.433378, 49.784576",https://mymaps.usercontent.google.com/hostedimage/m/*/3ALCsBorTXGl5np90628g5-x3P3lSH2I8j8yOxNsS6TkotUAl-mxI46SZsptdtyMkhbiHbrgOhyP6qt7RB3nrUsyAQwappcbZX_DXWsU55WGtFhICPPbGO8AP0ysZPy1FbO0WdGdZqwQpdacqhSDEWRhUBSafPAjAb2183XOFuy8uoV9kDjGrwlnUdJJp4oKjFzkMx_JLExnLqRL9_Q?fife=s16383,https://socar-petroleum.az/az/pages/xidmet-sebekesi,2025-12-17T14:50:24.060447
SOCAR,9s SAYLI YDS,"Xocav…ônd rayonu,Hadrut q…ôs…ôb…ôsi",Xocav…ônd,39.524656,47.029594,,,,"39.524656, 47.029594",,https://socar-petroleum.az/az/pages/xidmet-sebekesi,2025-12-17T14:50:24.060447
SOCAR,10 SAYLI YDS,"BakńĪ Quba yolunun 28-ci km-d…ô, yolun sańü t…ôr…ôfind…ô, Ceyranbatan q…ôs…ôb…ôsi yaxńĪnlńĪńüńĪnda",BakńĪ,40.556514,49.639856,,,,"40.556514, 49.639856",,https://socar-petroleum.az/az/pages/xidmet-sebekesi,2025-12-17T14:50:24.060447
SOCAR,10i SAYLI YDS,G√ľrc√ľstan-Qazax-BakńĪ magistralńĪnńĪn √ľz…ôrind…ô - Goranboy rayonunun Boluslu k…ôndi …ôrazisi,BakńĪ,40.644939,46.860371,,,,"40.644939, 46.860371",https://mymaps.usercontent.google.com/hostedimage/m/*/3ALCsBop2A3dPpt5HN9vsAdyjBlrqoYNXVgPHK-NySDiNVskWrKpzDjCqkDs3yD4rnMGolCvRsksXNiF5y3zrXmJLZFgylvhVddiIEsOt-0tMoApIBxKNECmP6nLw_MrBXY271cLGeZVhbvqVEz1Q4sl4HkCial7u9wR7aaGxM_FgAjd05udT4cXXdWwqrZuWWX54Te0NYizJJTnE?fife=s16383,https://socar-petroleum.az/az/pages/xidmet-sebekesi,2025-12-17T14:50:24.060447
SOCAR,10s SAYLI¬† YDS,Sea Breeze,Sea,40.5735,49.939734,,,,"40.573500, 49.939734",,https://socar-petroleum.az/az/pages/xidmet-sebekesi,2025-12-17T14:50:24.060447
SOCAR,11 SAYLI YDS,"BakńĪ Quba yolunun 28-cikm-d…ô, yolun sol t…ôr…ôfind…ô, Ceyranbatan q…ôs…ôb…ôsi yaxńĪnlńĪńüńĪnda",BakńĪ,40.555628,49.639569,,,,"40.555628, 49.639569",,https://socar-petroleum.az/az/pages/xidmet-sebekesi,2025-12-17T14:50:24.060447
SOCAR,11i SAYLI YDS,"SumqayńĪt Ňü…ôh…ôri, 10-cu mikrorayon, Bab…ôk k√ľ√ß…ôsi 208.",SumqayńĪt,40.565256,49.6979,,,,"40.565256, 49.697900",https://mymaps.usercontent.google.com/hostedimage/m/*/3ALCsBoraOaw7Wxt9TFzLGz_82qGxYdOiPeIANbVwapGW_dwpEbL7Zvx94naDAUaxfRPgYBFFdKx7ooCSoY1S73y26-vJMTazEE7JoA8IZwcJJ9_Mxuck3057IE2RPhNyAncuKRrUcS8jlWnosEAVsPNZ-RWb1Pqv7UOO9AjdoOjbuhoV3d5_-syuvqrrZLBmW_8te2taROJadx8h0g?fife=s16383,https://socar-petroleum.az/az/pages/xidmet-sebekesi,2025-12-17T14:50:24.060447
SOCAR,11S SAYLI YDS,LA√áIN Ňü…ôh…ôri,LA√áIN,39.611674,46.529945,,,,"39.611674, 46.529945",https://mymaps.usercontent.google.com/hostedimage/m/*/3ALCsBooUzehMrxdFjcSzcocw8AWwK0VJheEc0YUHf2WKxfXzRBCQNm0IHNyTwmdyFKd653_O_vd4O9-dZMSJ_lZywN8PElRYjNoq6VA1r2HOJRI-npY6YllPYusq3sG99vDRh-ylWYc20ud5M_vpxjim7_GPEDZJ2OvkfqXZ7_XX-kOcCdHqk0z4_kvoSwScSKqSysh5FwwKimgO?fife=s16383,https://socar-petroleum.az/az/pages/xidmet-sebekesi,2025-12-17T14:50:24.060447
SOCAR,12 SAYLI YDS,"BakńĪ Ňü…ôh…ôri, Sabun√ßu rayonu, Sabun√ßu ŇěTQ, Sabun√ßu dair…ôsinin c…ônub q…ôrb hiss…ôsi. H.∆Źliyev pr-ti 333",BakńĪ,40.435965,49.929889,,,,"40.435965, 49.929889",,https://socar-petroleum.az/az/pages/xidmet-sebekesi,2025-12-17T14:50:24.060447
SOCAR,12i SAYLI YDS,"Salyan rayonu, Salyan Ňü…ôh…ôri, ∆Źl…ôt-Astara yolu, 19-cu km.",Salyan,39.644504,49.011382,,,,"39.644504, 49.011382",https://mymaps.usercontent.google.com/hostedimage/m/*/3ALCsBoqxhDPlJcjCN8UbMbFJ59LTkn69Sh9i4sqYzT2a7NVZayvaFJA-RdquS_fX4vsy6u-OZHpM-pjzwN5MSTI9gwww80o2KbwXQk14JwlGgOBgV0M0ENCOk1mw1gI7i-p5mrdKlVXc1osWhvyny_dCAmAjlko8zVJsEp672NqSj-dWvdHn3pkORfz0YX3d6P8dhvE6cahdCNWnSQ?fife=s16383,https://socar-petroleum.az/az/pages/xidmet-sebekesi,2025-12-17T14:50:24.060447
SOCAR,12s SAYLI YDS,C…ôbrayńĪl ray. Ňě√ľk√ľrb…ôyli k…ôndi,C…ôbrayńĪl,39.320408,47.147695,,,,"39.320408, 47.147695",,https://socar-petroleum.az/az/pages/xidmet-sebekesi,2025-12-17T14:50:24.060447
SOCAR,13 SAYLI YDS,"BakńĪ Ňü…ôh…ôri, X…ôtai rayonu, Bab…ôk pr-ti 2315-ci m…ôh…ôll…ô(MaŇüńĪn bazarńĪnńĪn yaxńĪnlńĪńüńĪ)",BakńĪ,40.39376,49.932558,,,,"40.393760, 49.932558",,https://socar-petroleum.az/az/pages/xidmet-sebekesi,2025-12-17T14:50:24.060447
SOCAR,13i SAYLI YDS,"Lerik rayonu, Piran k…ôndi, 20-ci km.",Lerik,38.733567,48.667074,,,,"38.733567, 48.667074",https://mymaps.usercontent.google.com/hostedimage/m/*/3ALCsBorY9KYfvwNTffVn4ev12Z5vtSDSOKWVX6jU4THJPnc_0FhI_TTH4KiY5YQR5t_OhY8xQsJRjezDmuAnOmRAHK3zvBiQjfU8IQkPCPO_zR2zVUMV3wOmPivjkwCAc1im5LtvX11ggoYysDxj42brybqQDzpkmpQreFMprMl__-E5J_fygUOaaCNAkZoxssS7tctuRMj3kVT6?fife=s16383,https://socar-petroleum.az/az/pages/xidmet-sebekesi,2025-12-17T14:50:24.060447
SOCAR,13S SAYLI YDS,Xank…ôndi Ňü…ôh…ôri,Xank…ôndi,39.837337,46.771289,,,,"39.837337, 46.771289",,https://socar-petroleum.az/az/pages/xidmet-sebekesi,2025-12-17T14:50:24.060447
SOCAR,14 SAYLI YDS,"BakńĪ Ňü…ôh…ôri, Bab…ôk pr-ti il…ô O.V…ôliyev k√ľ√ß…ôsinin k…ôsiŇüm…ôsi",BakńĪ,40.392651,49.914626,,,,"40.392651, 49.914626",,https://socar-petroleum.az/az/pages/xidmet-sebekesi,2025-12-17T14:50:24.060447
SOCAR,14i SAYLI YDS,"√únvan: SumqayńĪt Ňü…ôh…ôri, S√ľlh k√ľ√ß…ôsi v…ô Korońülu prospektinin k…ôsiŇüm…ôsi",√únvan:,40.584324,49.662777,,,,"40.584324, 49.662777",https://mymaps.usercontent.google.com/hostedimage/m/*/3ALCsBoqpLePLr6olyviHaA_DvPvwV3KaxGb5yywqbvlOWkzSd5mB16VkwX4S_HiiLYLtX49QCipLgAyMGgXi5s1SaICjhEChvK8jBD3Fl0DeYfoSXNtbhtJzS3h96D-U0wA2jxxwjY0vNDL89lYMePqzq__6mIRG5BvFob9zm1e4gIdH1EwCQvkRkCl4rYEwviIn_bkjBPFPGWaW?fife=s16383,https://socar-petroleum.az/az/pages/xidmet-sebekesi,2025-12-17T14:50:24.060447
SOCAR,14S SAYLI YDS,Fizuli Ňü…ôh…ôri,Fizuli,39.603489,47.157566,,,,"39.603489, 47.157566",,https://socar-petroleum.az/az/pages/xidmet-sebekesi,2025-12-17T14:50:24.060447
SOCAR,15 SAYLI YDS,"Siy…ôz…ôn rayonu, BakńĪ-Quba yolunun 86-cńĪ kilometrliyi, sańü t…ôr…ôf",Siy…ôz…ôn,40.971356,49.245104,,,,"40.971356, 49.245104",,https://socar-petroleum.az/az/pages/xidmet-sebekesi,2025-12-17T14:50:24.060447
SOCAR,15i SAYLI YDS,"BakńĪ Ňü…ôh.,NovxanńĪ q…ôs…ôb…ôsi Heyd…ôr ∆Źliyev prospekti",BakńĪ,40.550906,49.780724,,,,"40.550906, 49.780724",,https://socar-petroleum.az/az/pages/xidmet-sebekesi,2025-12-17T14:50:24.060447
SOCAR,15S SAYLI YDS,K…ôlb…ôc…ôr rayonu,K…ôlb…ôc…ôr,40.161932,46.228294,,,,"40.161932, 46.228294",https://mymaps.usercontent.google.com/hostedimage/m/*/3ALCsBoqIa6UVViYj8ILR7v5MIJbmZZooqVWgVF6guw9gZxeIuOHWzA_PrSgMfZgIyJ_hcWNXRe9jCAs5NuIG4zzvSS5TMoPUKszA-BaWLhSp9AA6BUYx5-JeQCIDovcaRsUDStHO2R9tfuaaJAtN608BlQKl_3R7TG-hrdRPCcx_x_LCg9ySk3CocxAq3dYFDEKrL_2zYpN6eHjVbaD9KSvhfPy2c_Z3Xg69nLy-l4cGnPBzF52eX1wl1TnnJeI?fife=s16383,https://socar-petroleum.az/az/pages/xidmet-sebekesi,2025-12-17T14:50:24.060447
SOCAR,16 SAYLI YDS,"Siy…ôz…ôn rayonu, BakńĪ-Quba yolunun 86-cńĪ kilometrliyi, sol t…ôr…ôf",Siy…ôz…ôn,40.970634,49.244111,,,,"40.970634, 49.244111",,https://socar-petroleum.az/az/pages/xidmet-sebekesi,2025-12-17T14:50:24.060447
SOCAR,16i SAYLI YDS,B…ôrd…ô rayon BakńĪ k√ľ√ß…ôsi,BakńĪ,40.396422,47.127636,,,,"40.396422, 47.127636",,https://socar-petroleum.az/az/pages/xidmet-sebekesi,2025-12-17T14:50:24.060447
SOCAR,17 SAYLI YDS,Z.B√ľnyadov pr-ti,Z.B√ľnyadov,40.425132,49.90701,,,,"40.425132, 49.907010",,https://socar-petroleum.az/az/pages/xidmet-sebekesi,2025-12-17T14:50:24.060447
SOCAR,17i SAYLI YDS,"Ming…ô√ßevir rayonu , H.∆Źliyev pros. 341",Ming…ô√ßevir,40.757261,47.085863,,,,"40.757261, 47.085863",,https://socar-petroleum.az/az/pages/xidmet-sebekesi,2025-12-17T14:50:24.060447
SOCAR,18 SAYLI YDS,"HacńĪqabul rayonu, Pirsaat q…ôs…ôb…ôsi",HacńĪqabul,40.042683,49.060623,,,,"40.042683, 49.060623",,https://socar-petroleum.az/az/pages/xidmet-sebekesi,2025-12-17T14:50:24.060447
SOCAR,18i SAYLI YDS,"ńįsmayńĪllńĪ r-nu,Nizami G…ônc…ôvi k√ľ√ß.",ńįsmayńĪllńĪ,40.788757,48.172219,,,,"40.788757, 48.172219",,https://socar-petroleum.az/az/pages/xidmet-sebekesi,2025-12-17T14:50:24.060447
SOCAR,19A SAYLI YDS,"ŇěamaxńĪ rayonu, ∆Źng…ôxaran k…ôndi",ŇěamaxńĪ,40.656937,48.641183,,,,"40.656937, 48.641183",,https://socar-petroleum.az/az/pages/xidmet-sebekesi,2025-12-17T14:50:24.060447
SOCAR,19B SAYLI YDS,"ŇěamaxńĪ rayonu, Sabir q…ôs…ôb…ôsi",ŇěamaxńĪ,40.595872,48.697502,,,,"40.595872, 48.697502",,https://socar-petroleum.az/az/pages/xidmet-sebekesi,2025-12-17T14:50:24.060447
SOCAR,19i SAYLI YDS,K√ľrd…ômir rayonu Bab…ôk k√ľ√ß…ôsi.,K√ľrd…ômir,40.351444,48.162597,,,,"40.351444, 48.162597",https://mymaps.usercontent.google.com/hostedimage/m/*/3ALCsBoqhYsCt6lBY6qBSsVVUB8qlBS8SXhq5ra1gTuHWu5adGz2GQAbJEt2dlb9zdhugFg56SsYVdnNkgiv4PCTWbj0TnUfubPhjMII7hJPEjGn_fddscmoQQN9ohMWZ7-6dmZudNY4MAvuGdumG0_XJGzfkZDdTXAe5xeKSQOfpsIGsNZajKfAZlWIODpXwNSW9g-fvSggPtQlpfyJ08ThRSNpdBc9d3t3BHTUxYQ9SqwMbY0IlJ2K6eP_85vE?fife=s16383,https://socar-petroleum.az/az/pages/xidmet-sebekesi,2025-12-17T14:50:24.060447
SOCAR,20 SAYLI YDS,"BakńĪ Ňü…ôh…ôri, Bin…ôq…ôdi rayonu, Bin…ôq…ôdi q…ôs…ôb…ôsinin Ňüimal hiss…ôsi, Bin…ôq…ôdi ‚Äď NovxanńĪ yolu.",BakńĪ,40.481654,49.835896,,,,"40.481654, 49.835896",,https://socar-petroleum.az/az/pages/xidmet-sebekesi,2025-12-17T14:50:24.060447
SOCAR,20i SAYLI YDS,AńüdaŇü rayonu,AńüdaŇü,40.644215,47.494838,,,,"40.644215, 47.494838",https://mymaps.usercontent.google.com/hostedimage/m/*/3ALCsBorQeSaLpbmg0d_23Ys2oHdAI90en9xScskxaNiBb6C9tChSd7s4l4NR6TjC5m9bUzl5RNj0R1XsXZE6jDE-T4Gh9sYEMsbBIvMsv4YEzwnka4as9_qchkzBbeEAAiBL0HOFhyLDBM7NYzI-hrYOXBKYqJr8e8oG1T_Zv-8qQsByD30p3tix4Y9Sqj7bi8UfCT2y_ONpXmGYYSadr8dl2xtjjujirZ5NI1w6KC_t-UxvKKKtVdpaGPej06o?fife=s16383,https://socar-petroleum.az/az/pages/xidmet-sebekesi,2025-12-17T14:50:24.060447
SOCAR,21 SAYLI YDS,"X…ôtai rayonu, Nobel prospekti",X…ôtai,40.375886,49.915262,,,,"40.375886, 49.915262",,https://socar-petroleum.az/az/pages/xidmet-sebekesi,2025-12-17T14:50:24.060447
SOCAR,21i SAYLI YDS,"Ňě…ômkir rayonu, D√ľy…ôrli k…ôndi",Ňě…ômkir,40.917523,45.889949,,,,"40.917523, 45.889949",,https://socar-petroleum.az/az/pages/xidmet-sebekesi,2025-12-17T14:50:24.060447
SOCAR,22 SAYLI YDS,"Yasamal Rayonu, QanlńĪ G√∂l yaxńĪnlńĪńüńĪnda",Yasamal,40.362293,49.796421,,,,"40.362293, 49.796421",,https://socar-petroleum.az/az/pages/xidmet-sebekesi,2025-12-17T14:50:24.060447
SOCAR,22-i SAYLI YDS,,,40.400484,49.858113,,,,"40.400484, 49.858113",,https://socar-petroleum.az/az/pages/xidmet-sebekesi,2025-12-17T14:50:24.060447
SOCAR,23 SAYLI YDS,"Zaqatala rayonu, MazńĪx k…ôndi",Zaqatala,41.639823,46.575938,,,,"41.639823, 46.575938",,https://socar-petroleum.az/az/pages/xidmet-sebekesi,2025-12-17T14:50:24.060447
SOCAR,23i SAYLI YDS,"Mammadamin Rasul-Zadeh St, Baku",Mammadamin,40.45602,49.756923,,,,"40.456020, 49.756923",,https://socar-petroleum.az/az/pages/xidmet-sebekesi,2025-12-17T14:50:24.060447
SOCAR,24 SAYLI YDS,"QubadlńĪ rayonu, EyvazlńĪ k…ôndi",QubadlńĪ,39.431437,46.389028,,,,"39.431437, 46.389028",,https://socar-petroleum.az/az/pages/xidmet-sebekesi,2025-12-17T14:50:24.060447
SOCAR,24i SAYLI YDS,ŇěńĪxov,ŇěńĪxov,40.305442,49.785462,,,,"40.305442, 49.785462",,https://socar-petroleum.az/az/pages/xidmet-sebekesi,2025-12-17T14:50:24.060447
SOCAR,25 SAYLI YDS,ŇěuŇüa Ňü…ôh…ôri,ŇěuŇüa,39.770226,46.746681,,,,"39.770226, 46.746681",,https://socar-petroleum.az/az/pages/xidmet-sebekesi,2025-12-17T14:50:24.060447
SOCAR,25i SAYLI YDS,H√∂vsan,H√∂vsan,40.366687,50.081245,,,,"40.366687, 50.081245",,https://socar-petroleum.az/az/pages/xidmet-sebekesi,2025-12-17T14:50:24.060447
SOCAR,26i SAYLI YDS,M√ľŇüfiqabad,M√ľŇüfiqabad,40.466994,49.636068,,,,"40.466994, 49.636068",,https://socar-petroleum.az/az/pages/xidmet-sebekesi,2025-12-17T14:50:24.060447
SOCAR,27i SAYLI YDS,Ziya B√ľnyadov¬†pr-ti,Ziya,40.41833,49.862625,,,,"40.418330, 49.862625",,https://socar-petroleum.az/az/pages/xidmet-sebekesi,2025-12-17T14:50:24.060447
SOCAR,28i SAYLI YDS,Mehdiabad¬†q…ôs…ôb…ôsi,Mehdiabad,40.480779,49.855903,,,,"40.480779, 49.855903",,https://socar-petroleum.az/az/pages/xidmet-sebekesi,2025-12-17T14:50:24.060447
SOCAR,29i SAYLI YDS,S…ôd…ôr…ôk rayonu Qaraańüac k…ôndi,S…ôd…ôr…ôk,39.644281,44.874918,,,,"39.644281, 44.874918",https://mymaps.usercontent.google.com/hostedimage/m/*/3ALCsBooBnn4mCQW9FXPddouKGzj604J6fYeZ55etq56XaO28ZkCpv6BWzrmE3XV6L91qKi8QzfZDxGYqyIrnrkWwdTEvFpYdb19pHayKcbhheqvL7xxB08IyTPXkumjdOyWRASn3EM2x1RdfzeV8WtgOBHzGfubcqR-6mfFn9SuWghswh2V9oiuZ9cjStiZy7OsoaJKgqcPmiOrEoNbzvoX-CyZXrlnCuaKP-wmtWFvw8MlQPem1MCww6dW6RYw?fife=s16383,https://socar-petroleum.az/az/pages/xidmet-sebekesi,2025-12-17T14:50:24.060447
SOCAR,31i SAYLI YDS,"G√∂yg√∂l rayonu, QuŇüqara k…ôndi, Z…ôf…ôr k√ľ√ß…ôsi,¬†giriŇü¬†98",G√∂yg√∂l,40.712547,46.303993,,,,"40.712547, 46.303993",,https://socar-petroleum.az/az/pages/xidmet-sebekesi,2025-12-17T14:50:24.060447
SOCAR,STQ YDS,ZńĪńü H√∂vsan yolu,ZńĪńü,40.354942,49.980372,,,,"40.354942, 49.980372",,https://socar-petroleum.az/az/pages/xidmet-sebekesi,2025-12-17T14:50:24.060447
